兵庫県加西市,1
大阪府箕面市,1
埼玉県新座市,1
埼玉県熊谷市,1
埼玉県羽生市,1
北海道根室市,1
福島県会津坂下町,1
富山県滑川市,1
石川県加賀市,1
奈良県奈良市,1
群馬県みどり市,1
群馬県藤岡市,1
沖縄県国頭村,1
宮城県,1
北海道厚沢部町,1
奈良県大和高田市,1
新潟県刈羽村,1
静岡県牧之原市,1
福島県桑折町,1
北海道紋別市,1
石川県能美市,1
北海道倶知安町,1
香川県三豊市,1
佐賀県神埼市,1
佐賀県武雄市,1
東京都足立区,1
奈良県河合町,1
東京都渋谷区,2
長野県須坂市,1
長野県諏訪市,1
和歌山県古座川町,1
鳥取県米子市,1
長野県,1
和歌山県海南市,1
福島県本宮市,1
愛媛県愛南町,1
岐阜県御嵩町,1
京都府八幡市,1
和歌山県有田市,1
兵庫県明石市,1
茨城県北茨城市,1
兵庫県川西市,1
和歌山県紀の川市,1
徳島県鳴門市,1
大阪府松原市,1
愛知県扶桑町,1
山形県天童市,1
大阪府茨木市,1
宮城県多賀城市,1
高知県須崎市,1
和歌山県橋本市,1
奈良県五條市,1
鳥取県,1
佐賀県伊万里市,1
東京都江戸川区,1
静岡県伊東市,1
高知県仁淀川町,1
群馬県板倉町,1
長野県喬木村,1
千葉県鎌ケ谷市,1
大阪府泉大津市,1
新潟県新潟市,1
東京都大田区,1
和歌山県日高町,1
和歌山県那智勝浦町,1
岩手県一関市,1
静岡県裾野市,1
鹿児島県伊佐市,1
福島県南相馬市,1
北海道浜中町,1
兵庫県佐用町,1
福島県新地町,1
兵庫県神戸市,1
北海道芽室町,1
鹿児島県天城町,1
鹿児島県西之表市,1
奈良県三宅町,1
北海道別海町,1
長野県伊那市,1
兵庫県加東市,1
大阪府田尻町,1
茨城県守谷市,1
長野県松本市,1
奈良県田原本町,1
茨城県高萩市,1
岡山県高梁市,1
大阪府柏原市,1
島根県海士町,1
石川県輪島市,1
鹿児島県瀬戸内町,1
神奈川県大井町,1
新潟県妙高市,1
大阪府枚方市,1
神奈川県秦野市,1
茨城県下妻市,1
福岡県中間市,1
群馬県みなかみ町,1
静岡県川根本町,1
茨城県桜川市,1
岐阜県大垣市,1
千葉県柏市,1
和歌山県新宮市,1
奈良県生駒市,1
新潟県長岡市,1
神奈川県横須賀市,1
茨城県筑西市,1
東京都稲城市,2
岡山県早島町,1
宮城県気仙沼市,1
静岡県静岡市,2
神奈川県葉山町,1
神奈川県中井町,1
宮城県白石市,1
岡山県備前市,1
山形県山形市,1
福島県いわき市,1
高知県佐川町,1
千葉県富津市,1
千葉県印西市,1
奈良県広陵町,1
和歌山県岩出市,1
福島県塙町,1
東京都杉並区,1
茨城県牛久市,1
宮城県川崎町,1
宮城県大崎市,1
千葉県成田市,1
宮城県大河原町,1
石川県金沢市,1
奈良県川西町,1
埼玉県戸田市,1
茨城県小美玉市,1
茨城県龍ケ崎市,1
宮城県角田市,1
山梨県上野原市,1
宮城県亘理町,2
宮城県塩竈市,1
京都府京田辺市,4
福島県檜枝岐村,3
三重県志摩市,3
鹿児島県長島町,3
大阪府和泉市,3
北海道岩見沢市,3
東京都国立市,3
鳥取県三朝町,3
山梨県甲州市,4
福岡県築上町,3
京都府久御山町,4
鹿児島県与論町,3
静岡県東伊豆町,3
福島県棚倉町,3
愛媛県久万高原町,3
岩手県紫波町,4
熊本県甲佐町,4
埼玉県春日部市,4
福島県浅川町,3
長野県富士見町,3
宮城県柴田町,3
鳥取県境港市,4
長野県木曽町,3
山形県河北町,3
大阪府交野市,3
和歌山県上富田町,3
埼玉県入間市,3
埼玉県坂戸市,3
沖縄県西原町,3
神奈川県鎌倉市,4
北海道清水町,3
愛知県田原市,3
長野県高森町,4
沖縄県座間味村,3
熊本県荒尾市,3
奈良県葛城市,3
愛知県岩倉市,3
福島県小野町,3
岡山県里庄町,3
茨城県坂東市,3
三重県度会町,3
福島県,3
北海道,3
奈良県山添村,3
福島県相馬市,3
岩手県九戸村,4
京都府精華町,4
長野県飯田市,4
神奈川県開成町,3
静岡県下田市,3
茨城県河内町,4
宮崎県延岡市,4
和歌山県高野町,4
和歌山県田辺市,4
静岡県松崎町,3
福島県只見町,4
石川県津幡町,4
鹿児島県垂水市,3
東京都墨田区,4
神奈川県大磯町,3
大分県豊後大野市,3
沖縄県宜野座村,4
鹿児島県阿久根市,4
兵庫県播磨町,4
沖縄県今帰仁村,3
北海道浦幌町,4
福島県福島市,3
神奈川県小田原市,4
沖縄県東村,4
愛知県稲沢市,3
神奈川県三浦市,3
埼玉県長瀞町,3
福島県田村市,3
長崎県小値賀町,4
奈良県下市町,4
長野県佐久穂町,4
大分県日田市,4
宮城県加美町,3
岩手県雫石町,3
鹿児島県中種子町,3
北海道沼田町,4
愛知県半田市,3
宮崎県三股町,3
長崎県長崎市,3
福島県会津美里町,3
長野県南牧村,4
福岡県篠栗町,3
東京都八丈町,4
静岡県沼津市,3
石川県宝達志水町,3
茨城県行方市,4
長野県筑北村,4
埼玉県志木市,4
大阪府,3
岡山県岡山市,4
福岡県芦屋町,3
愛媛県松野町,4
茨城県利根町,3
鹿児島県湧水町,3
大分県竹田市,3
鹿児島県龍郷町,3
奈良県大淀町,3
長野県小諸市,3
香川県坂出市,3
宮崎県西米良村,3
鹿児島県大崎町,3
兵庫県市川町,3
島根県飯南町,3
福島県西会津町,3
東京都中野区,3
長野県白馬村,3
神奈川県愛川町,3
鹿児島県南種子町,3
北海道むかわ町,3
和歌山県広川町,3
埼玉県横瀬町,4
新潟県加茂市,3
茨城県八千代町,3
兵庫県上郡町,3
宮崎県,3
兵庫県宝塚市,4
島根県,3
鹿児島県南大隅町,3
沖縄県大宜味村,3
鹿児島県肝付町,3
静岡県伊豆の国市,3
岩手県洋野町,3
大阪府岬町,3
茨城県結城市,3
長崎県五島市,4
福岡県宮若市,3
徳島県美波町,3
鹿児島県宇検村,3
鹿児島県伊仙町,3
北海道羅臼町,4
福島県大玉村,3
広島県安芸太田町,4
石川県小松市,3
埼玉県杉戸町,3
長野県辰野町,3
鹿児島県大和村,4
高知県安芸市,4
奈良県大和郡山市,4
山口県光市,3
三重県桑名市,3
大分県玖珠町,3
奈良県斑鳩町,3
千葉県船橋市,4
福井県鯖江市,3
福井県永平寺町,3
和歌山県美浜町,3
茨城県阿見町,3
福島県郡山市,4
愛知県蟹江町,3
北海道標津町,3
宮城県栗原市,4
茨城県石岡市,3
福島県須賀川市,3
茨城県常陸太田市,3
宮城県利府町,3
東京都世田谷区,3
石川県かほく市,4
福島県飯舘村,3
千葉県睦沢町,4
福島県鮫川村,3
千葉県八街市,3
茨城県古河市,3
岩手県花巻市,4
宮城県富谷市,4
福島県会津若松市,3
福島県古殿町,3
千葉県東庄町,3
福島県矢祭町,3
鳥取県北栄町,3
岐阜県池田町,3
熊本県美里町,3































































































































































































































































































































































































































































































































































































































































































